{"cameraMode":{"drawMode":0,"name":"Shaded","section":"Shading Mode"},"sceneLighting":false,"audioPlay":false,"sceneViewState":{"showFog":false,"showMaterialUpdate":false,"showSkybox":false,"showFlares":false,"showImageEffects":false,"showParticleSystems":false},"in2DMode":false,"pivot":{"x":169.3578643798828,"y":0.43092283606529238,"z":420.76861572265627},"rotation":{"x":0.033662766218185428,"y":-0.9660284519195557,"z":0.16831280291080476,"w":0.19321002066135407},"size":0.9566037058830261,"orthographic":false}