{"cameraMode":{"drawMode":0,"name":"Shaded","section":"Shading Mode"},"sceneLighting":true,"audioPlay":false,"sceneViewState":{"showFog":false,"showMaterialUpdate":false,"showSkybox":true,"showFlares":false,"showImageEffects":false,"showParticleSystems":false},"in2DMode":false,"pivot":{"x":143.75860595703126,"y":13.129432678222657,"z":92.89669036865235},"rotation":{"x":-0.1977953016757965,"y":-0.06141681969165802,"z":0.012394428253173828,"w":-0.978255033493042},"size":42.368370056152347,"orthographic":false}