{"cameraMode":{"drawMode":0,"name":"Shaded","section":"Shading Mode"},"sceneLighting":false,"audioPlay":false,"sceneViewState":{"showFog":false,"showMaterialUpdate":false,"showSkybox":false,"showFlares":false,"showImageEffects":false,"showParticleSystems":false},"in2DMode":false,"pivot":{"x":-13.375,"y":0.323941707611084,"z":-4.273942947387695},"rotation":{"x":-0.22998355329036714,"y":0.12398501485586167,"z":-0.029554447159171106,"w":-0.9648275971412659},"size":14.045016288757325,"orthographic":false}